{
  "AVM_base_in": 0.003893,
  "MAVM_base_in": 0.003735,
  "U_MF_minus_in": 9.566810582831056e-05,
  "U_MF_plus_in": 0.004748542564093648,
  "d_minus_base_in": 7.900000000000008e-05,
  "d_plus_base_in": 0.003814,
  "pbox_quantiles_in": {
    "10": {
      "50th": [
        0.04444163536287835,
        0.06675969482353838
      ],
      "5th": [
        0.037936874314042766,
        0.057339006407983395
      ],
      "95th": [
        0.05307726641047042,
        0.07943276376351116
      ]
    },
    "100": {
      "50th": [
        0.04445278820071944,
        0.06666937289954705
      ],
      "5th": [
        0.03798312342578612,
        0.05714797945719236
      ],
      "95th": [
        0.05311969761619614,
        0.07973077159611054
      ]
    },
    "25": {
      "50th": [
        0.04448345192873189,
        0.06672873250320605
      ],
      "5th": [
        0.037972638102056526,
        0.056962511763192995
      ],
      "95th": [
        0.05305602346718778,
        0.07909927877388923
      ]
    },
    "5": {
      "50th": [
        0.04445793518868686,
        0.06664548436834943
      ],
      "5th": [
        0.037912608180686404,
        0.056882962729297895
      ],
      "95th": [
        0.05311107936875526,
        0.07951426289255371
      ]
    }
  },
  "schema_version": 1,
  "sobol_S1": [
    0.44867200874046725,
    0.5507380710082899
  ],
  "sobol_S1_sum": 0.9994100797487571,
  "sobol_ST": [
    0.44855009915325106,
    0.5599081962099498
  ],
  "sobol_ST_sum": 1.0084582953632009,
  "sobol_interaction": 0.0090482156144438,
  "sobol_n_calls": 4096,
  "tolerance": 1e-05,
  "total_lower_in": 0.0,
  "total_upper_in": 0.0,
  "u_num_max_in": 0.00020805079360642,
  "w_nom_q0_hi_in": 0.06733741793620515
}