{
  "AVM_base_in": 0.002139,
  "MAVM_base_in": 0.001079,
  "U_MF_minus_in": 0.0006418240011266397,
  "U_MF_plus_in": 0.002003252487054714,
  "d_minus_base_in": 0.0005299999999999999,
  "d_plus_base_in": 0.001609,
  "pbox_quantiles_in": {
    "10": {
      "50th": [
        0.05555204420355807,
        0.08344961852938271
      ],
      "5th": [
        0.0474210928925137,
        0.07167375800993914
      ],
      "95th": [
        0.066346583013048,
        0.09929095470434846
      ]
    },
    "100": {
      "50th": [
        0.05556598525076599,
        0.08333671612434233
      ],
      "5th": [
        0.04747890428208717,
        0.07143497432138105
      ],
      "95th": [
        0.0663996220201282,
        0.09966346449507128
      ]
    },
    "25": {
      "50th": [
        0.055604314910889095,
        0.08341091562901709
      ],
      "5th": [
        0.047465797627534556,
        0.07120313970398529
      ],
      "95th": [
        0.06632002933397257,
        0.09887409846739073
      ]
    },
    "5": {
      "50th": [
        0.05557241898584481,
        0.08330685546048869
      ],
      "5th": [
        0.047390760225824856,
        0.07110370341164537
      ],
      "95th": [
        0.06638884921095592,
        0.09939282861578215
      ]
    }
  },
  "schema_version": 1,
  "sobol_S1": [
    0.44867200874079083,
    0.5507380710089737
  ],
  "sobol_S1_sum": 0.9994100797497645,
  "sobol_ST": [
    0.44855009915375976,
    0.5599081962103694
  ],
  "sobol_ST_sum": 1.0084582953641292,
  "sobol_interaction": 0.009048215614364752,
  "sobol_n_calls": 4096,
  "tolerance": 1e-05,
  "total_lower_in": 0.0,
  "total_upper_in": 0.0,
  "u_num_max_in": 0.00026006349182175356,
  "w_nom_q0_hi_in": 0.08417177242026622
}